Для информации;ID;Название;;Теги (Безопасность);Ссылка;Предоплата;Цена Взр;Цена Дет;Описание (Витрина);Честный обзор;Важная информация;Ключевые слова;Дни выезда;Гид;Питание;Что взять с собой
Море (Острова);1;Симиланы, Стандарт, Спидбот;;#нельзя_беременным #дети_от_1_года #проблемы_спины #скорость #снорклинг #бюджетно #пляж #активно;https://goldenkeytours.com/sea-excursions/similan-standard;50%;2900;2700;"Классика жанра! Доступный билет в рай. Вы увидите знаменитую скалу ""Парус"", искупаетесь в лазурной воде и погуляете по пляжам с открытки.";Хорошая базовая программа для тех, кто хочет сэкономить. Красота та же, что и в VIP-туре, но будьте готовы к тому, что на пляже будет многолюдно.;Трансфер включен (возможна доплата в зависимости от района). Беременным запрещено. Детям до 1 года запрещено. Людям с проблемами спины запрещено. Скоростная лодка.;симиланы, стандарт, спидбот, speed boat, similan, беременным нельзя, нельзя детям до 1 года, спина, трясет, волны;Ежедневно;Русский;Обед, фрукты, напитки;Коралловые тапочки, Пляжные вещи, Крем SPF 50+, Камеру
Море (Острова);2;Симиланы, Катамаран;ХИТ;#нельзя_беременным #дети_от_1_года #комфорт #релакс #фото #нет_волн #плавный_ход #семейный;https://goldenkeytours.com/excursions/sea-excursions/similans-on-a-catamaran;50%;3500;3200;Путешествие первым классом. Двухпалубный катамаран идет мягко, как лайнер, удобные зоны для загара.;Идеальный выбор, если вас укачивает на обычных лодках или вы любите поспать (выезд в стандартное время).;Трансфер включен (возможна доплата в зависимости от района). Беременным запрещено. Детям до 1 года запрещено. Плавный ход.;симиланы, катамаран, комфорт, similan, беременным нельзя, нельзя детям до 1 года, плавная лодка, не укачивает;Ежедневно;Русский;Обед, фрукты, напитки;Коралловые тапочки, Пляжные вещи, Крем SPF 50+, Камеру
Море (Острова);3;"Симиланы ""Ранний выезд"", Стандарт, Спидбот";;#нельзя_беременным #дети_от_1_года #ранний_выезд #без_толп #проблемы_спины #эксклюзив #утомительно_детям;https://goldenkeytours.com/sea-excursions/similan-early;50%;3100;2900;Хитрый ход: платим как за стандарт, а получаем пустые пляжи! Скоростной катер доставит вас на острова первыми.;Золотая середина. Да, это обычный спидбот (может потрясти), зато вы выигрываете у толпы несколько часов тишины и красоты.;Трансфер включен (возможна доплата в зависимости от района). Беременным запрещено. Детям до 1 года запрещено. Выезд в 5:00.;симиланы, ранние, спидбот, similan early, беременным нельзя, нельзя детям до 1 года, скорость, волны;Ср, Вс;Русский;Завтрак, Обед, Ужин;Пляжные вещи
Море (Острова);4;Симиланы Ранний выезд, Комфорт+, Спидбот;ХИТ;#нельзя_беременным #дети_от_1_года #ранний_выезд #без_толп #проблемы_спины #эксклюзив #утомительно_детям #комфорт_плюс;https://goldenkeytours.com/sea-excursions/similan-early;50%;3400;3200;Максимум сервиса на скорости! Улучшенная лодка, маленькая группа и рассвет на райских островах.;Вы быстрее катамарана, но комфортнее обычного катера. В цену включены приятные мелочи: от полотенец до бокала вина на закате.;Комфортная посадка, индивидуальные места. Бесплатный Wi-Fi и музыка на лодке. Бесплатные одноразовые загубники для снорклинга. Бесплатные пляжные полотенца и ласты. Пиво, мороженное и бокал вина по возвращению. Трансфер включен. Беременным запрещено. Детям до 1 года запрещено. Выезд в 5:00.;симиланы, ранние, спидбот, similan early, беременным нельзя, нельзя детям до 1 года, скорость, волны;Ежедневно;Русский;Завтрак, Обед, Ужин;Пляжные вещи
Море (Острова);5;Суринские острова, 1 день;;#нельзя_беременным #дети_от_1_года #снорклинг #рифы #акулы #далеко #дикая_природа;https://goldenkeytours.com/excursions/sea-excursions/surin-islands-1-day;50%;3200;2800;"Мекка для фанатов снорклинга! Здесь самые живые кораллы, рыбки ""Немо"" и аутентичная деревня морских цыган.";Сюда едут не лежать на песке, а смотреть под воду (подводный мир тут богаче, чем на Симиланах). Готовьтесь к долгой дороге, но оно того стоит.;Трансфер включен (возможна доплата в зависимости от района). Беременным запрещено. Детям до 1 года запрещено. Дальняя дорога. Живые кораллы.;сурины, сурин, беременным нельзя, нельзя детям до 1 года, спидбот, далеко;Ежедневно;Русский (кроме воскресенья);Обед, фрукты, напитки;Пляжные вещи
Море (Острова);6;Суринские острова, 2 дня, палатки/бунгало;;#нельзя_беременным #дети_от_1_года #романтика #палатки #звезды #пляж #полное_единение;https://goldenkeytours.com/excursions/sea-excursions/surin-islands-2-days;50%;6700 / 8700;5400 / 6500;Полная Робинзонада! Останьтесь на ночь в Национальном парке, чтобы увидеть звездное небо без засветки городов.;Это цифровой детокс. Электричество по часам, связи почти нет, только джунгли и океан. Для тех, кто устал от цивилизации.;Трансфер включен (возможна доплата в зависимости от района). Стоимость зависит от размещения - палатка/бунгало. Беременным запрещено. Детям до 1 года запрещено. Ночевка в палатках на пляже.;сурины, ночевка, беременным нельзя, нельзя детям до 1 года, спидбот;Ежедневно;Русский (кроме воскресенья);Полный пансион;Пляжные вещи, предметы личной гигиены
Море (Острова);7;Суринские острова, 3 дня, палатки/бунгало;;#нельзя_беременным #дети_от_1_года #экспедиция #палатки #снорклинг #для_фанатов;https://goldenkeytours.com/excursions/sea-excursions/surin-islands-3-days;50%;8200 / 9900;6500 / 7900;Большая экспедиция для настоящих исследователей. Три дня в раю, чтобы изучить каждый риф и тропу.;Максимальное погружение. Туристы-однодневки уезжают, и остров становится полностью вашим.;Трансфер включен (возможна доплата в зависимости от района). Стоимость зависит от размещения - палатка/бунгало. Беременным запрещено. Детям до 1 года запрещено. Настоящая экспедиция.;сурины, 3 дня, беременным нельзя, нельзя детям до 1 года, спидбот;Ежедневно;Русский (кроме воскресенья);Полный пансион;Пляжные вещи, личные вещи на 3 дня
Море (Острова);8;Рассвет на Рача, Стандарт (рыбалка);ХИТ;#нельзя_беременным #дети_от_1_года #ранний_выезд #без_толп #мальдивы #белый_песок #релакс #рыбалка #снорклинг;https://goldenkeytours.com/excursions/sea-excursions/sunriseonracha;50%;1500;1300;Райский остров всего в 30 минутах от Пхукета! Белейший песок и лучший снорклинг без толп.;Отличная альтернатива Симиланам, если не хотите долго плыть. Мы приезжаем первыми, когда вода еще прозрачная, а пляж пустой.;Рыбалка. Снорклинг. Трансфер включен (возможна доплата в зависимости от района). Беременным запрещено. Детям до 1 года запрещено. Вода бирюзовая, без толп.;рача, райя, рассвет, беременным нельзя, нельзя детям до 1 года, спидбот, волны, рыбалка, снорклинг.;Вт;Русский;Легкий завтрак, Обед;Пляжные вещи
Море (Острова);9;Рассвет на Рача, Комфорт+ (рыбалка);;#нельзя_беременным #дети_от_1_года #ранний_выезд #без_толп #мальдивы #белый_песок #релакс #рыбалка #снорклинг;https://goldenkeytours.com/excursions/sea-excursions/sunriseonracha;50%;1700;1500;Премиум-версия для ценителей. Маленькая группа, отличный сервис и никаких толп.;Включены качественные ласты и полотенца, а на обратном пути угощают вином. Мелочи, которые делают отдых приятным.;Маленькие группы до 24–38 человек. Бесплатный Wi-Fi на лодке. Бесплатные одноразовые загубники. Бесплатные полотенца. Мороженое и вино по возвращению на пирс. Рыбалка. Снорклинг. Трансфер включен. Беременным запрещено. Детям до 1 года запрещено. Вода бирюзовая, без толп.;рача, райя, рассвет, беременным нельзя, нельзя детям до 1 года, спидбот, волны, рыбалка, снорклинг.;Вт;Русский;Легкий завтрак, Обед, вода, фрукты;Коралловые тапочки, Пляжные вещи, Крем SPF 50+, Камеру
Море (Острова);10;Корал + Рача, Стандарт;;#нельзя_беременным #дети_от_1_года #снорклинг #рыбки #бирюзовая_вода #два_острова #активно #дайвинг #коралловый_остров;https://goldenkeytours.com/excursions/sea-excursions/coral-racha;50%;1300;1100;Два хита в одном флаконе! Рыбки и кораллы на острове Рача плюс пляжный релакс на Корале.;Самый сбалансированный тур. На Рача смотрим подводный мир, на Корале — загораем, катаемся на бананах и кормим птиц-носорогов.;Дайвинг за доплату (2200 THB). Трансфер включен (возможна доплата в зависимости от района). Беременным запрещено. Детям до 1 года запрещено. Снорклинг.;корал, рача, райя, беременным нельзя, нельзя детям до 1 года, спидбот, трясет, дайвинг, коралловый остров.;Ежедневно;Русский;Обед, Фрукты, Вода;Маска (если есть своя, но выдают), Пляжные вещи
Море (Острова);11;Корал + Рача, Катамаран;;#нельзя_беременным #дети_от_1_года #комфорт #горка #рыбалка #нет_качки #семейный;https://goldenkeytours.com/excursions/sea-excursions/coral-island-racha-by-catamaran;50%;1900;1700;Семейный бестселлер! Устойчивый катамаран с водной горкой — дети будут в восторге.;Идеально для семей с детьми. Лодку не качает, можно прыгать с горки прямо в открытое море, а на островах отдыхать без спешки.;Трансфер включен (возможна доплата в зависимости от района). Беременным запрещено. Детям до 1 года запрещено. Не укачивает. Есть горка.;катамаран, корал, рача, беременным нельзя, нельзя детям до 1 года, море, волны;Ежедневно;Нет;Обед (швед. стол);Коралловые тапочки, Пляжные вещи, деньги на активности
Море (Острова);12;Корал + Рача, VIP Катамаран;;#нельзя_беременным #дети_от_1_года #vip #мало_людей #сервис #комфорт #лаунж;https://goldenkeytours.com/excursions/sea-excursions/coral-island-racha-by-vip-catamaran;50%;2600;2300;Лакшери отдых без толкучки. Просторный катамаран с мягкими диванами и ограниченным количеством гостей.;Вы платите за личное пространство и комфорт. Отличный обед, внимательный персонал и атмосфера морского круиза.;Эксклюзивный катамаран с индивидуальными местами и зонами отдыха. Снаряжение для снорклинга. Трансфер включен (возможна доплата в зависимости от района). Беременным запрещено. Детям до 1 года запрещено. Мало людей, удобные диваны.;vip, вип, катамаран, беременным нельзя, нельзя детям до 1 года, море;Ежедневно;Англ.;Обед-буфет, Вода;Пляжные вещи
Море (Острова);13;Рача + Корал,  (2 дня);;#нельзя_беременным #дети_от_1_года #сервис #семья #снорклинг;https://goldenkeytours.com/excursions/sea-excursions/racha-islandscoral;50%;2100 / 3100;1800 / 2600;Полный релакс с ночевкой в бунгало на райском острове.;Представьте: туристы уезжают, и остров с белоснежным песком принадлежит только вам. Закаты, тишина и шум волн.;Стоимость зависит от размещения в бунгало - вентилятор/кондиционер. Трансфер включен (возможна доплата в зависимости от района). Беременным запрещено. Детям до 1 года запрещено. Улучшенная программа.;рача, корал, беременным нельзя, нельзя детям до 1 года, спидбот, море;Ежедневно;Русский;Завтрак, Обед;Пляжные вещи
Море (Острова);14;Коралловый остров, Спидбот;;#нельзя_беременным #дети_от_1_года #бюджетно #близко #пляж #семья #полдня #быстро #коралловый_остров;https://goldenkeytours.com/excursions/sea-excursions/coral-island;50%;1100;800;Экспресс-доставка к морю! Всего 15 минут на катере — и вы уже на пляже с шезлонгами.;Самый быстрый и дешевый вариант. Если вас укачивает, но хочется на остров, или просто жалко тратить часы на дорогу — это для вас.;Трансфер включен (возможна доплата в зависимости от района). Беременным запрещено. Детям до 1 года запрещено. Близко и недорого.;корал, остров, coral island, беременным нельзя, нельзя детям до 1 года, спидбот, трясет, коралловый остров.;Ежедневно;Русский, вт.;Обед (шведский стол);Пляжные вещи, деньги (лежаки часто платные)
Море (Острова);15;Остров Корал + Закат, Катамаран;;#нельзя_беременным #дети_от_1_года #романтика #закат #ужин #пары #спокойно #красиво;https://goldenkeytours.com/excursions/sea-excursions/coral-island-and-sunset-on-a-catamaran;50%;1500;1300;Самый романтичный вечер! Пляжный отдых днем и ужин с видом на заходящее в океан солнце.;Легкая прогулка без гонок. Отличный вариант для свидания или спокойного вечера с семьей.;Трансфер включен (возможна доплата в зависимости от района). Беременным запрещено. Детям до 1 года запрещено. Встреча заката в море.;корал, закат, катамаран, беременным нельзя, нельзя детям до 1 года, море;Ежедневно;Нет;Ужин на борту;Красивая одежда, камера, коралловые тапочки
Море (Острова);16;Банана Бич (Коралловый остров);;#нельзя_беременным #дети_от_1_года #пляж #релакс #семья #близко #инстаграм #прозрачная_вода #кораллов #coral #корал;https://goldenkeytours.com/excursions/sea-excursions/banana-beach;50%;1900;1600;"Самый ""Инстаграмный"" пляж Пхукета! Стильная фотозона, качели, белые шатры и птицы-носороги.";Это приватная зона: здесь чище, эстетичнее и вкуснее, чем на общественном пляже. За красивые фото и комфорт стоит доплатить.;Трансфер включен (возможна доплата в зависимости от района). Беременным запрещено. Детям до 1 года запрещено. Пляжный отдых.;корал, банана, banana beach, беременным нельзя, нельзя детям до 1 года, спидбот, пляж.;Ежедневно;Нет;Обед, фрукты, напитки;Пляжные вещи, Крем SPF 50+
Море (Острова);17;Рассвет на Пхи-Пхи (стандарт) ;;#нельзя_беременным #дети_от_1_года #ранний_выезд #без_толп #бамбу #снорклинг;https://goldenkeytours.com/sunrise-journey-phi-phi-islands;50%;2500;2200;Успейте увидеть пляж Майя Бэй до нашествия туристов! Самая популярная экскурсия с выездом на рассвете.;"Это ""золотой стандарт"" экскурсий. Вы увидите всё самое важное: обезьян, лагуну Пиле, пещеру Викингов и остров Бамбу, но в более комфортном ритме.";Трансфер включен (возможна доплата в зависимости от района). Беременным запрещено. Детям до 1 года запрещено. Ранний выезд.;пхи пхи, пи пи, бамбу, bamboo, ранний выезд, беременным нельзя, нельзя детям до 1 года, хит, популярное, лучшее, топ.;Ежедневно;Русский;Легкий завтрак, Обед;Коралловые тапочки, Пляжные вещи, Крем SPF 50+
Море (Острова);18;Рассвет на Пхи-Пхи (комфорт+) ;ХИТ;#нельзя_беременным #дети_от_1_года #ранний_выезд #рассвет #без_толп #майя_бей #эксклюзив #хит;https://goldenkeytours.com/sunrise-journey-phi-phi-islands;50%;2700;2400;VIP-утро в раю. Улучшенная лодка, меньше людей, расширенное меню и сервис высокого класса.;Те же потрясающие пустые пляжи, но с повышенным уровнем комфорта. Включены вино, мороженое и Wi-Fi на борту.;Королевский пирс Royal Phuket Marina. Маленькие группы 25-38 человек. Бесплатные одноразовые загубники. Мороженое и вино по возвращению на пирс. Бесплатный Wi-Fi на лодке. Бесплатные полотенца. Трансфер включен. Беременным запрещено. Детям до 1 года запрещено. Ранний выезд.;рассвет, пхи пхи, пи пи, спидбот, sunrise, беременным нельзя, нельзя детям до 1 года, скорость, трясет, хит, популярное, лучшее, топ.;Ежедневно;Русский;Легкий завтрак, Обед, вода, фрукты;Коралловые тапочки, Пляжные вещи, Крем SPF 50+
Море (Острова);19;Рассвет на Пхи-Пхи (Катамаран) ;;#нельзя_беременным #дети_от_1_года #ранний_выезд #комфорт #рассвет #инстаграм #романтика #без_толп;https://goldenkeytours.com/sunrise-phi-phi;50%;2800;2500 (3-11 лет);Романтика на максимум. Встречайте рассвет в открытом море с чашкой кофе на борту комфортабельного катамарана.;Самый мягкий и красивый вариант раннего Пхи-Пхи. Не трясет, можно гулять по палубе и наслаждаться видами на 360 градусов.;Трансфер включен (возможна доплата в зависимости от района). Свободный выход на вторую палубу с обзором в 360'. Бесплатный Wi-Fi на катамаране. Горячие кофе и чай на борту. Беременным запрещено. Детям до 1 года запрещено. Ранний выезд.;рассвет, пхи пхи, катамаран, sunrise, беременным нельзя, нельзя детям до 1 года, открытое море;Пн, Ср, Пт;Русский;Обед, фрукты, напитки;Коралловые тапочки, Пляжные вещи, Крем SPF 50+, Камеру
Море (Острова);20;"Пхи-Пхи ""5 Пляжей"" (ХИТ)";ХИТ;#нельзя_беременным #дети_от_1_года #классика #бюджетно #снорклинг #майя_бей #обезьяны #хит;https://goldenkeytours.com/excursions/sea-excursions/phi-phi-5-islandss;50%;2000;1800;Визитная карточка Пхукета! Та самая бухта Майя Бэй из фильма «Пляж», изумрудная лагуна Пиле и пляж с обезьянами.;Самый популярный тур, и не зря. Виды здесь — просто космос (скалы растут прямо из воды), но будьте готовы: туристов будет много. Must see для новичков.;Трансфер включен (возможна доплата в зависимости от района). Беременным запрещено. Детям до 1 года запрещено. Классическая программа.;пхи пхи, пи пи, 5 островов, майя бэй, беременным нельзя, нельзя детям до 1 года, спидбот, speed boat, тряска, хит, популярное, лучшее, топ.;Ежедневно;Русский;Обед на острове;Коралловые тапочки, Пляжные вещи, Крем SPF 50+
Море (Острова);21;Пхи-Пхи + Бамбу (Спидбот, рыбалка);ХИТ;#нельзя_беременным #дети_от_1_года #бюджетно #бамбу #классика #снорклинг #майя_бэй;https://goldenkeytours.com/excursions/sea-excursions/phi-phi-and-fishing;50%;2400;2100;Базовая программа по отличной цене. Все главные локации Пхи-Пхи и релакс на острове Бамбу.;"Отличный выбор, если не хотите переплачивать за ""плюшки"". Море везде одинаковое, виды те же. Просто лодка попроще и людей чуть больше.";Трансфер включен (возможна доплата в зависимости от района). Беременным запрещено. Детям до 1 года запрещено. Обед на Пхи-Пхи Дон.;пхи пхи, пи пи, бамбу, bamboo, стандарт, беременным нельзя, нельзя детям до 1 года, дешево;Вт, Чт, Сб;Русский;Обед, Сашими;Таблетки от укачивания, Пляжные вещи
Море (Острова);22;Пхи-Пхи + Бамбу + Ранг Яй (Комфорт+, Рыбалка) (ХИТ);ХИТ;#нельзя_беременным #дети_от_1_года #рыбалка #мужская_компания #свежая_рыба #снорклинг #активно #хит;https://goldenkeytours.com/excursions/sea-excursions/phi-phi-and-fishing;50%;2700;2400;Супер-комбо: 3 острова и рыбалка в одной поездке с повышенным комфортом.;Очень насыщенная программа, которая заканчивается релаксом на жемчужном острове Ранг Яй.;Комфортная посадка, индивидуальные места. Королевский пирс Royal Phuket Marina. Маленькие группы до 24-36 человек. Бесплатные одноразовые загубники. Полноценный завтрак на пирсе. Бесплатный Wi-Fi на лодке. Бесплатные полотенца. Трансфер включен. Беременным запрещено. Детям до 1 года запрещено.;пхи пхи, пи пи, рыбалка, троллинг, сашими, беременным нельзя, нельзя детям до 1 года, лодка, море, волны, хит, популярное, лучшее, топ.;Вт, Чт, Сб;Русский;Обед, Сашими;Таблетки от укачивания, Пляжные вещи
Море (Острова);23;Пхи-Пхи на Катамаране (Стандарт);;#нельзя_беременным #дети_от_1_года #комфорт #спокойно #семейный #нет_качки #безопасно;https://goldenkeytours.com/excursions/sea-excursions/phi-phi-catamaran;50%;2800;2600;Спокойный семейный круиз к легендарным скалам. Без спешки и тряски.;Идет медленнее спидбота, но намного мягче. Идеально для пожилых людей и детей, которых обычно укачивает.;Трансфер включен (возможна доплата в зависимости от района). Беременным запрещено. Детям до 1 года запрещено. Стабильная лодка.;пхи пхи, катамаран, беременным нельзя, нельзя детям до 1 года, открытое море, укачивание;Ежедневно;Русский, по запросу;Обед, фрукты, напитки;Пляжные вещи
Море (Острова);24;Пхи-Пхи на Катамаране (Премиум);ХИТ;#нельзя_беременным #дети_от_1_года #vip #премиум #яхта #сервис #комфорт #лакшери #катамаран;https://goldenkeytours.com/excursions/sea-excursions/phi-phi-premium;50%;3000;2800;VIP-круиз для тех, кто ценит сервис. Роскошная лодка, вкусный обед и атмосфера праздника.;Это не просто трансфер к островам, а полноценный отдых на борту. Шикарные фото в соцсети обеспечены.;Комфортная посадка в катамаране, индивидуальные места. Люксовый порт. Бесплатный трансфер из Као Лака (Вторник/Среда/Четверг/Суббота). Беременным запрещено. Детям до 1 года запрещено. Высокий сервис.;пхи пхи, премиум, яхта, беременным нельзя, нельзя детям до 1 года, открытое море, волны, безопасность, катамаран;Ежедневно;Русский, Ср, Чт, Сб, Вс;Обед, фрукты, напитки;Красивая одежда, Камера, Пляжные вещи
Море (Острова);25;"Пхи-Пхи + Кхай ""Поздний выезд"" (Закат)";;#нельзя_беременным #дети_от_1_года #можно_поспать #закат #романтика #вечер #без_спешки;https://goldenkeytours.com/excursions/sea-excursions/phi-phi-late-departure;50%;2200;1900;Экскурсия для сов! Выспитесь, позавтракайте и отправляйтесь к островам без спешки, чтобы проводить закат в море.;Главный плюс — комфортное время старта. А закат в открытом море с лихвой перекрывает дневную жару.;Трансфер включен (возможна доплата в зависимости от района). Беременным запрещено. Детям до 1 года запрещено. Отправление с пирса в 10-11 утра.;поздний выезд, пхи пхи, закат, беременным нельзя, нельзя детям до 1 года, море, возвращение в темноте;Ежедневно;Нет;Обед, Ужин;Пляжные вещи
Море (Острова);26;"Пхи-Пхи + Кхай/Бамбу ""Закат"" (Катамаран)";;#нельзя_беременным #дети_от_1_года #можно_поспать #закат #романтика #вечер #без_спешки;https://goldenkeytours.com/excursions/sea-excursions/phi-phi-late-departure;50%;2800;2600;Романтика на закате с комфортом катамарана. Плавное скольжение по волнам и вечерние краски неба.;Выезд без спешки (можно выспаться), плавный ход и невероятно красивый вечер на воде.;Трансфер включен. Беременным запрещено. Детям до 1 года запрещено. Выезд в 10-11 утра.;поздний выезд, пхи пхи, закат, беременным нельзя, нельзя детям до 1 года, море, возвращение в темноте;Пн, пт;Русский;Обед, фрукты, напитки;Пляжные вещи
Море (Острова);27;Пхи-Пхи + Бамбу, 2 дня (Стандарт);;#нельзя_беременным #дети_от_1_года #комфорт #баунти #белый_песок #релакс #семейный #нет_качки;https://goldenkeytours.com/excursions/sea-excursions/phi-phi-and-bamboo;50%;4500;4200;Полное погружение в жизнь острова! Днем — пляжи, ночью — огненное шоу и танцы на песке.;Одного дня на Пхи-Пхи мало. Ночевка дает вам шанс увидеть остров вечером (когда он оживает) и рано утром (пока он спит и нет толп).;Трансфер включен (возможна доплата в зависимости от района). Беременным запрещено. Детям до 1 года запрещено. Остров Бамбу включен.;пхи пхи, бамбу, катамаран, bamboo, беременным нельзя, нельзя детям до 1 года, море;Вт, Чт, Сб;Русский;Обед, фрукты, напитки;Пляжные вещи
Море (Острова);28;Пхи-Пхи + Бамбу, 2 дня (Комфорт+, спидбот);;#нельзя_беременным #дети_от_1_года #комфорт #баунти #белый_песок #релакс #семейный #нет_качки;https://goldenkeytours.com/excursions/sea-excursions/phi-phi-and-bamboo;50%;5000;4700;Релакс-тур на 2 дня. Сочетание бурной ночной жизни и комфортной дороги на катамаране.;Вы не устанете в пути благодаря катамарану, а улучшенный отель позволит хорошо выспаться после вечеринки.;Королевский пирс Royal Phuket Marina. Маленькие группы до 36 человек. Бесплатные одноразовые загубники. Полноценный завтрак на пирсе. Улучшенная категория номера в отеле. Бесплатный Wi-Fi на лодке. Бесплатные полотенца. Трансфер включен. Беременным запрещено. Детям до 1 года запрещено. Остров Бамбу включен.;пхи пхи, бамбу, катамаран, bamboo, беременным нельзя, нельзя детям до 1 года, море;Вт, Чт, Сб;Русский;Обед, фрукты, напитки;Пляжные вещи
Море (Острова);29;Пхи-Пхи + Краби + Джеймс Бонд, 2 дня (комфорт+);;#нельзя_беременным #дети_от_1_года #насыщенно #все_сразу #активно #инстаграм #весь_день #устанем_но_довольны #вечеринки_на_пляже #2_дня;https://goldenkeytours.com/excursions/sea-excursions/phiphijamesbondkrabi#!/tab/767808483-2;50%;6100;5800;Грандиозный марафон! Три провинции и все топовые острова за одну поездку.;Идеально, если у вас мало времени, а хочется увидеть ВСЁ. Очень насыщенно, много переездов и впечатлений, но готовьтесь устать (приятно устать!).;Королевский пирс Royal Phuket Marina. Маленькие группы до 25-36 человек. Бесплатные одноразовые загубники. Полноценный завтрак на пирсе. Улучшенная категория номера в отеле. Бесплатный Wi-Fi на лодке. Бесплатные полотенца. Трансфер включен. Беременным запрещено. Детям до 1 года запрещено. Насыщенная программа.;пхи пхи, пи пи, краби, бонд, катамаран, беременным нельзя, нельзя детям до 1 года, тяжелая экскурсия, много переездов, Вечеринки на пляже, 2 дня.;Сб;Русский;Завтрак, обед, ужин;Коралловые тапочки, Пляжные вещи, удобная обувь
Море (Острова);30;Пхи-Пхи + Краби + Джеймс Бонд, 2 дня (премиум);;#нельзя_беременным #дети_от_1_года #насыщенно #все_сразу #активно #инстаграм #весь_день #устанем_но_довольны #вечеринки_на_пляже #2_дня;https://goldenkeytours.com/excursions/sea-excursions/phiphijamesbondkrabi#!/tab/767808483-3;50%;6900;6600;Грандиозный марафон в формате VIP! Три провинции и все топовые острова за одну поездку. Лучшие катера, улучшенный отель 4*.;Вы увидите всё самое главное: Бонда, Майя Бэй, Краби, но при этом путешествие будет по-настоящему премиальное.;Королевский пирс Royal Phuket Marina. Маленькие группы до 25-36 человек. Бесплатные одноразовые загубники. Полноценный завтрак на пирсе. Улучшенная категория отеля! Бесплатный Wi-Fi на лодке. Бесплатные полотенца. Трансфер включен. Беременным запрещено. Детям до 1 года запрещено. Насыщенная программа.;пхи пхи, пи пи, краби, бонд, катамаран, беременным нельзя, нельзя детям до 1 года, тяжелая экскурсия, много переездов, Вечеринки на пляже, 2 дня.;Ср, Пт;Русский;Завтрак, обед, ужин;Коралловые тапочки, Пляжные вещи, удобная обувь
Море (Острова);31;Пхи-Пхи + Краби + Джеймс Бонд, 2 дня (Стандарт) (ХИТ);ХИТ;#нельзя_беременным #дети_от_1_года #насыщенно #все_сразу #активно #инстаграм #весь_день #устанем_но_довольны #вечеринки_на_пляже #2_дня #хит;https://goldenkeytours.com/excursions/sea-excursions/phiphijamesbondkrabi;50%;5500;5200;"Бюджетная версия ""Главного марафона"". Те же легендарные локации по более доступной цене.";Вы увидите всё самое главное: Бонда, Майя Бэй, Краби. Чуть проще отель и лодка, но эмоций столько же.;Трансфер включен (возможна доплата в зависимости от района). Беременным запрещено. Детям до 1 года запрещено. Насыщенная программа.;пхи пхи, пи пи, краби, бонд, спидбот, беременным нельзя, нельзя детям до 1 года, тяжелая экскурсия, много переездов, Вечеринки на пляже, 2 дня, хит, популярное, лучшее, топ.;Ежедневно;Русский;Завтрак, обед, ужин;Коралловые тапочки, Пляжные вещи, удобная обувь
Море (Острова);32;11 Островов, Стандарт;;#нельзя_беременным #дети_от_1_года #ночевка #тусовка #активно #молодежь #огненное_шоу #бар;https://goldenkeytours.com/excursions/sea-excursions/11-islands;50%;4500;4100;Максимальный охват! Большое морское путешествие по 11 островам по доступной цене.;"Для тех, кто хочет поставить галочку ""Я видел всё"". Активно, много движения, ночевка на тусовочном Пхи-Пхи.";Трансфер включен (возможна доплата в зависимости от района). Беременным запрещено. Детям до 1 года запрещено. Ночевка на Пхи-Пхи.;11 островов, два дня, тусовка, пхи пхи, беременным нельзя, нельзя детям до 1 года, спидбот, нагрузка;Пн, Пт;Русский;Обед, фрукты, напитки;Деньги на бар, сменная одежда, коралловые тапочки
Море (Острова);33;11 Островов, Комфорт+;;#нельзя_беременным #дети_от_1_года #ночевка #тусовка #активно #молодежь #огненное_шоу #бар;https://goldenkeytours.com/excursions/sea-excursions/11-islands;50%;4900;4500;Максимальный драйв с комфортом! То же большое путешествие, но в малой группе и с лучшим сервисом.;Меньше людей в лодке — больше кислорода и внимания гида. Оптимальный выбор для насыщенного тура.;Королевский пирс Royal Phuket Marina. Маленькие группы до 32 человек. Бесплатные одноразовые загубники. Мороженое и вино по возвращению на пирс. Бесплатный Wi-Fi на лодке. Бесплатные полотенца. Трансфер включен. Беременным запрещено. Детям до 1 года запрещено. Ночевка на Пхи-Пхи.;11 островов, два дня, тусовка, пхи пхи, беременным нельзя, нельзя детям до 1 года, спидбот, нагрузка;Пн, Пт;Русский;Обед, фрукты, напитки;Деньги на бар, сменная одежда, коралловые тапочки
Море (Острова);34;5 Жемчужин Андамана, 2 дня (Комфорт+);;#нельзя_беременным #дети_от_1_года #ночевка #романтика #полное_погружение #вечеринка #огненное_шоу;https://goldenkeytours.com/excursions/sea-excursions/5-pearls-of-andaman;50%;6500;6200;"Самый красивый и романтичный двухдневный тур. Меньше ""гонки"", больше красоты и релакса.";Это тур про эстетику и удовольствие. Огненное шоу вечером и качественный отель сделают поездку незабываемой.;Королевский пирс Royal Phuket Marina. Маленькие группы до 36 человек. Бесплатные одноразовые загубники. Полноценный завтрак на пирсе. Улучшенная категория номера в отеле. Бесплатный Wi-Fi на лодке. Бесплатные полотенца. Трансфер включен. Беременным запрещено. Детям до 1 года запрещено. Ночевка в отеле.;вечеринка на пляже, 5 жемчужин, два дня, с ночевкой, пхи пхи, беременным нельзя, нельзя детям до 1 года, долгая дорога, море;Пн, Ср, Пт;Русский;Все включено;Паспорт (копия), Сменная одежда, Пляжные вещи
Море (Острова);35;5 Жемчужин Андамана, Стандарт, 2 дня;ХИТ;#нельзя_беременным #дети_от_1_года #ночевка #романтика #полное_погружение #вечеринка #огненное_шоу;https://goldenkeytours.com/excursions/sea-excursions/5-pearls-of-andaman;50%;6000;5700;Доступная романтика. Тот же великолепный маршрут по жемчужным островам.;Стандартный отель и лодка, но красота закатов и пляжей от этого не меняется. Отличный выбор по соотношению цена/качество.;Трансфер включен (возможна доплата в зависимости от района). Беременным запрещено. Детям до 1 года запрещено. Ночевка в отеле.;5 жемчужин, два дня, с ночевкой, пхи пхи, беременным нельзя, нельзя детям до 1 года, долгая дорога, море;Пн, Ср, Пт, Вс;Русский;Завтрак, Обед, Ужин;Паспорт (копия), Сменная одежда, Пляжные вещи
Море (Острова);36;Затерянный Мир (Lost World);;#нельзя_беременным #дети_от_1_года #эксклюзив #пещеры #нет_людей #природа #каяки;https://goldenkeytours.com/excursions/sea-excursions/lost-world;50%;3000;2500;Эксклюзив! Тайные лагуны и пещеры, куда мы заходим с фонариками.;Тур для тех, кто не любит толпы. Мы заходим в узкие проходы, куда не могут попасть большие корабли туристов. Чувствуешь себя первооткрывателем.;Скрытые лагуны Пханг Нга. Трансфер включен (возможна доплата в зависимости от района). Беременным запрещено. Детям до 1 года запрещено.;затерянный мир, пханг нга, спидбот, беременным нельзя, нельзя детям до 1 года;Ср, Сб;Русский;Легкий завтрак, Обед, напитки;Пляжные вещи
Море (Острова);37;Пхи-Пхи + Бамбу (Рассвет/Спидбот, 2 дня);;#нельзя_беременным #дети_от_1_года #ранний_выезд #бамбу #без_толп #снорклинг #бирюзовая_вода;https://goldenkeytours.com/phi-phi-and-bamboo-sunrise;50%;4500;4200;Рассветная программа на 2 дня! Ранний выезд — залог пустых пляжей и лучших фото.;Максимум моря и солнца. Вы увидите острова и в утренней тишине, и в лучах заката.;Трансфер включен (возможна доплата в зависимости от района). Беременным запрещено. Детям до 1 года запрещено. Ранний выезд.;пхи пхи, бамбу, рассвет, спидбот, беременным нельзя, нельзя детям до 1 года, скорость, волны;Ежедневно;Русский;Завтрак, Обед;Пляжные вещи
Море (Острова);38;Трансфер на Пхи-Пхи;;#нельзя_беременным #дети_от_1_года #трансфер #билет #спидбот #быстро;https://goldenkeytours.com/excursions/phi-phi-transfer;100%;1600;1600;Просто билет на спидбот в одну сторону. Быстро и с ветерком.;(Нет обзора);Трансфер с пляжей Ката, Карон и Патонг включен, с остальных пляжей по запросу. Беременным запрещено. Детям до 1 года запрещено. Требуется 100% предоплата.;трансфер, спидбот, speed boat, беременным нельзя, нельзя детям до 1 года;Ежедневно;Нет;Нет;Личные вещи
Рыбалка;39;Морская рыбалка (Big Game);;#нельзя_беременным #дети_от_1_года #мужская #трофей #улов #азарт #спидбот;https://goldenkeytours.com/excursions/sea-excursions/fishing-for-big-fish;50%;2700 / 2400 (пассажир);⛔️;Охота на морских гигантов! Шанс поймать марлина или тунца в открытом океане.;Это настоящий мужской клуб. Троллинг, азарт. Учтите: лодка может стоять в дрейфе, поэтому может укачивать.;Возможность поймать самую большую рыбу в вашей жизни. Троллинг в море. Стоимость указана за Рыбака/Сопровождающего, подробнее по ссылке на экскурсию. Беременным запрещено. Детям до 1 года запрещено. Может укачивать. Трансфер включен (возможна доплата в зависимости от района).;рыбалка, биг гейм, беременным нельзя, нельзя детям до 1 года, качка;Ежедневно;Англ.;Обед из улова, шведский стол;Таблетки от укачивания, головной убор
Рыбалка;40;Рыбалка на рассвете (Комфорт+);;#нельзя_беременным #дети_от_1_года #утро #клево #рыба #не_жарко #лодка;https://goldenkeytours.com/sea-fishing-at-sunrise;50%;2900 / 2600;⛔️;Аутентичная рыбалка на деревянной лодке без палящего солнца. Самый активный клев!;Очень атмосферно и комфортно по погоде. Вы возвращаетесь с уловом, когда жара только начинается.;Трофейный улов, подводная охота, крабовые ловушки и отдых на райском острове. Wi-Fi на борту. Одноразовые загубники для масок. Бесплатное полотенце. Стоимость указана за Рыбака/Сопровождающего, подробнее по ссылке на экскурсию. Трансфер включен (возможна доплата в зависимости от района).Беременным запрещено. Детям до 1 года запрещено.;рыбалка, рассвет, лонгтейл, беременным нельзя, нельзя детям до 1 года;Вт, Чт, Сб;Русский;Обед, гриль, сашими, том-ям из свежего улова;Головной убор, камера, Таблетки от укачивания
Рыбалка;41;Рыбалка на озере;;#можно_беременным #дети_от_1_года #озеро #гиганты #спорт #сом #трофей #спокойно #рыбалка;https://goldenkeytours.com/excursions/sea-excursions/fishing-on-the-lake;50%;2000;⛔️;Битва с речными монстрами! Здесь можно вытащить сома весом с человека.;Спортивная рыбалка на частном озере. Гарантированный улов и никаких волн — укачивать не будет.;Индивидуальные места для рыбалки. Снасти включены в стоимость. Хищная рыба. Частное озеро. Гарантированный улов. Сопровождающий бесплатно. Стоимость зависит от количества часов рыбалки, подробнее по ссылке на экскурсию. Трансфер не включен. Беременным можно.;озерная, монстры, рыбалка, беременным можно, нельзя детям до 1 года, безопасно;Ежедневно;Англ.;Нет (можно приобрести на месте);Удобная одежда, своя еда/напитки
Яхты, катера (тусовка, аренда);42;HYPE Yacht, Тусовочная яхта;;#нельзя_беременным #от_18_лет #тусовка #диджей #молодежь #вечеринка #vip #алкоголь;https://goldenkeytours.com/excursions/sea-excursions/hype-yacht;100%;8500;⛔️;Вечеринка в океане! Модная яхта, DJ, авторские коктейли и танцы до заката.;Это настоящий плавучий клуб. Громко, весело, много молодежи. Еда уровня гурмэ. Если ищете тишины — вам не сюда.;Люкс яхта с Dj. До 18 человек. Трансфер не включен. Беременным запрещено. **От 18 лет**. Своя еда и напитки запрещены.;тусовка, hype, хайп, яхта, вечеринка, беременным нельзя, от 18 лет, шум, музыка, алкоголь;Ежедневно;Англ.;Изысканный обед;Купальник, Стильный лук, деньги (алкоголь платно)
Яхты, катера (тусовка, аренда);43;HYPE Catamaran, Beach Club;;#нельзя_беременным #от_18_лет #тусовка #лаунж #закат #стильно #для_пар #vip;https://goldenkeytours.com/excursions/sea-excursions/hype-catamaran;100%;3500;⛔️;Стильный пляжный клуб на воде. Мягкие лежаки, чилаут-музыка и атмосфера роскоши.;"Более расслабленная версия Hype. Здесь больше про ""красиво лежать с коктейлем"", чем про дикие танцы.";Супер катамаран. Включено - доска для гребли, морской скутер, снаряжение для снорклинга, полотенце. Цена зависит от размещения, подробнее по ссылке на экскурсию. Трансфер включен (возможна доплата в зависимости от района). Беременным запрещено. От 18 лет. Тусовка.;тусовка, hype, катамаран, хайп, беременным нельзя, от 18 лет, море, волны;Ежедневно;Англ.;Безалкогольные напитки, обед, свежие фрукты;Деньги (бар платный), купальник
Яхты, катера (тусовка, аренда);44;YONA Beach Club;;#нельзя_беременным #от_18_лет #vip #тусовка #бассейн #инстаграм #дорого #лакшери;https://goldenkeytours.com/excursions/sea-excursions/yona-beach-club;100%;4000;⛔️;Мировая сенсация! Первый плавучий остров-клуб с полноценным бассейном и пальмами посреди моря.;"Уникальное место. Да, дорого, но фото отсюда ""взорвут"" ваш Инстаграм. Это уровень мировых селебрити.";Бассейн. Бесплатное полотенце. Часть стоимости экскурсии идет на депозит на еду и напитки. Цена зависит от количества гостей и размещения, подробнее по ссылке на экскурсию. Беременным запрещено (тендерная лодка). От 18 лет. Трансфер на лодке.;yona, йона, пляжный клуб, беременным нельзя (тендерная лодка), от 18 лет, море;Ежедневно;Нет;Депозит на напитки и еду;Входной билет (депозит), купальник
Яхты, катера (тусовка, аренда);45;Lobster Yacht;;#нельзя_беременным #дети_от_1_года #vip #лобстер #еда #лакшери #музыка;https://goldenkeytours.com/excursions/sea-excursions/lobster-catamaran;100%;3900;⛔️;Романтика на закате. Изысканный ужин со свежим лобстером под живую музыку саксофона.;Идеально для свиданий и гурманов. Спокойно, вкусно и очень красиво.;Цена зависит от количества гостей, подробнее по ссылке на экскурсию. Трансфер включен (возможна доплата в зависимости от района). Беременным запрещено. От 18 лет.;лобстер, яхта, lobster, беременным нельзя, нельзя детям до 1 года, море;Вт, чт, сб;Англ.;Обед, напитки, фрукты;Дресс-код: Smart Casual
Яхты, катера (тусовка, аренда);46;Катамаран Calypso (Private);;#нельзя_беременным #дети_от_1_года #приват #семья #своя_компания #рыбалка #аренда лодки;https://goldenkeytours.com/calypso1;100%;27000;⛔️;Универсальный моторный катамаран для своей компании. Просторная палуба, зона для рыбалки и отличная устойчивость на воде.;"Лучший вариант по соотношению цена/качество для компании до 10 человек. Это не лакшери-яхта, а ""рабочая лошадка"" для комфортного отдыха: и рыбу половить, и позагорать, и не разориться.";Стоимость за 10 гостей (полный день), подробнее по ссылке на экскурсию. Беременным запрещено. Детям до 1 года запрещено. Цена за лодку. Рыбалка включена. Трансфер не включен.;калипсо, приват, аренда, беременным нельзя, нельзя детям до 1 года, Calypso;Ежедневно;Капитан;Фрукты, Вода;Купальники, полотенца, своя еда/напитки
Яхты, катера (тусовка, аренда);47;Катамаран Whiskey (Private);;#нельзя_беременным #дети_от_1_года #приват #парус #компания #релакс #закат #аренда лодки;https://goldenkeytours.com/catamaran-whiskey;100%;37000;⛔️;Парусная романтика. Идеальная лодка для того, чтобы встретить закат с бокалом игристого под шум ветра в парусах.;Если вы хотите именно *парусный* опыт, а не просто моторную лодку. Очень фотогеничный катамаран, много места на сетке (над водой), чтобы лежать и смотреть на море.;Стоимость за 20 гостей (полный день). Стоимость зависит от количества гостей, маршрута и продолжительности, подробнее по ссылке на экскурсию. Беременным запрещено. Детям до 1 года запрещено. Парусный катамаран.;виски, whiskey, катамаран, беременным нельзя, нельзя детям до 1 года, аренда;Ежедневно;Капитан;Фрукты, Вода;Купальники, полотенца, своя еда/напитки
Яхты, катера (тусовка, аренда);48;Спидбот Kram (Private);;#нельзя_беременным #дети_от_1_года #приват #скорость #спидбот #своя_компания #аренда лодки;https://goldenkeytours.com/boat-kram;100%;14000;⛔️;Уникальный гибрид: выглядит как винтажная деревянная лодка, но летает как скоростной катер. Очень стильно и быстро.;"Самая стильная из ""быстрых"" лодок. Если обычный пластиковый спидбот кажется вам скучным, берите Kram. Он отлично смотрится в кадре и экономит время в пути.";Стоимость за 10 гостей (полный день). Беременным запрещено. Детям до 1 года запрещено. Быстрый катер для компании.;крам, kram, спидбот, беременным нельзя, нельзя детям до 1 года, аренда;Ежедневно;Капитан;Обед, Фрукты, вода;Купальники, полотенца
Яхты, катера (тусовка, аренда);49;Яхта Jaws (Private);;#нельзя_беременным #дети_от_1_года #приват #стильно #фото #инстаграм #комфорт #аренда лодки;https://goldenkeytours.com/jaws;100%;94900;⛔️;Агрессивная, мощная и скоростная яхта с шикарным красным кожаным салоном. Топ выбор для фотосессий и VIP-отдыха.;"Это ""Феррари"" на воде. Красный салон выглядит очень дорого и эффектно на фото. Лодка быстрая, так что вы успеете посмотреть дальние острова с максимальным комфортом.";Идеальная яхта для семейных круизов. Стоимость за 8 гостей (полный день). Стоимость зависит от количества гостей и  маршрута, подробнее по ссылке на экскурсию. Трансфер не включен. Беременным запрещено. Детям до 1 года запрещено. Стильная лодка с красным салоном.;джевс, jaws, спидбот, беременным нельзя, нельзя детям до 1 года, аренда;По запросу;Капитан;гурмэ-ланч, фрукты, вода;Красивая одежда, купальники
Яхты, катера (тусовка, аренда);50;Яхта Stella (Private);;#нельзя_беременным #дети_от_1_года #vip #дерево #классика #романтика #закат #дорого #аренда лодки;https://goldenkeytours.com/stella;100%;18000;⛔️;Деревянная классика. Уютная яхта, напоминающая о золотой эре мореплавания, но со всеми современными удобствами.;"Очень ""ламповая"" и уютная лодка. Здесь нет пластика, только дерево и морской бриз. Идеально для спокойного семейного круиза или романтического ужина.";Стоимость за 15 гостей (полный день). Стоимость зависит от маршрута и продолжительности, подробнее по ссылке на экскурсию. Трансфер не включен. Беременным запрещено. Детям до 1 года запрещено. Деревянная яхта в ретро стиле.;стелла, stella, яхта, деревянная, беременным нельзя, нельзя детям до 1 года, круиз, аренда;По запросу;Капитан;Закуски, фрукты, вода;Красивая одежда, купальники, деньги на личные расходы
Яхты, катера (тусовка, аренда);51;Лодка Ella/Bohemian (Private);;#нельзя_беременным #дети_от_1_года #бохо #инстаграм #девочки #фотосессия #стильно #аренда лодки;https://goldenkeytours.com/ella-bohemian1;100%;35500;⛔️;Мечта блогера! Лодка в стиле Бохо-шик: ковры, подушки, макраме и цветы. Самая эстетичная лодка на Пхукете.;Эту лодку бронируют ради фотографий. Она невероятно красивая. Если ваша цель — контент и эстетика, лучше варианта просто нет.;Стоимость за 10 гостей (полный день). Стоимость зависит от количества гостей,  маршрута и продолжительности, подробнее по ссылке на экскурсию. Трансфер не включен. Беременным запрещено. Детям до 1 года запрещено.;элла, ella, бохо, деревянная лодка, беременным нельзя, нельзя детям до 1 года, аренда;Ежедневно;Капитан;Пикник-сет;Красивая одежда (идеально для фото), купальники, деньги на личные расходы
Яхты, катера (тусовка, аренда);52;Индивидуальный катер;;#нельзя_беременным #дети_от_1_года #приват #своя_компания #рыбалка #острова #аренда лодки;https://goldenkeytours.com/rental/individual-boat;100%;от 28000;⛔️;Свобода выбора! Мы подберем лодку под ваш бюджет и составим маршрут именно так, как хотите вы.;Самый гибкий вариант. Не нужно подстраиваться под группу. Хотите — купаемся час, хотите — плывем дальше. Капитан работает только для вас.;Стоимость за 10 гостей (полный день). Стоимость зависит от маршрута, подробнее по ссылке на экскурсию. Трансфер не включен. Беременным запрещено. Детям до 1 года запрещено.;лодка, аренда, катер, беременным нельзя, нельзя детям до 1 года;По запросу;Капитан;Вода, фрукты, б/а напитки;Купальники, полотенца, деньги на личные расходы
Яхты, катера (тусовка, аренда);53;Катамаран Tahaa;;#нельзя_беременным #дети_от_1_года #приват #парус #катамаран #семья #комфорт #аренда лодки;https://goldenkeytours.com/rental/catamaran-tahaa;100%;20500;⛔️;Французский шик. Роскошный парусный катамаран Tahaa с огромной сеткой для загара над водой и комфортом 5 звезд.;Это премиум-сегмент. Очень много места, устойчивый, красивый. Идеально для большой семьи или компании друзей, которые ценят комфорт.;Стоимость за 15 гостей (полный день). Стоимость зависит от маршрута и продолжительности, подробнее по ссылке на экскурсию. Трансфер не включен. Беременным запрещено. Детям до 1 года запрещено. Люкс катамаран.;тахаа, tahaa, беременным нельзя, нельзя детям до 1 года, море, аренда;По запросу;Капитан;Вода, фрукты, б/а напитки;Купальники, полотенца, деньги на личные расходы
Яхты, катера (тусовка, аренда);54;Яхта Odyssey;;#нельзя_беременным #дети_от_1_года #приват #скорость #комфорт #яхта #одиссей #vip #аренда лодки;https://goldenkeytours.com/odessey-motor-yaht;100%;18500;⛔️;Белоснежная моторная яхта с флайбриджем (верхней палубой). Почувствуйте себя владельцем роскошного судна.;Наличие верхней палубы (флайбриджа) меняет всё — обзор оттуда шикарный. Яхта выглядит дорого и современно, отличный выбор за свои деньги.;Стоимость за 15 гостей (полный день). Стоимость зависит от маршрута и продолжительности, подробнее по ссылке на экскурсию. Трансфер не включен. Беременным запрещено. Детям до 1 года запрещено. Яхта с флайбриджем.;одиссей, odyssey, беременным нельзя, нельзя детям до 1 года, комфорт, аренда;По запросу;Капитан;Фрукты, вода, б/а напитки;Купальники, полотенца, стильная одежда, деньги на личные расходы
Яхты, катера (тусовка, аренда);55;Парусный Катамаран (Private);;#нельзя_беременным #дети_от_1_года #приват #парус #романтика #тишина #аренда лодки;https://goldenkeytours.com/sailingcatamaran;100%;17000;⛔️;Тишина и паруса. Только шум ветра и плеск волн, никаких громких моторов. Полное единение с морем.;Если вы хотите тишины и релакса, выбирайте парус. Это медленнее моторной яхты, но намного романтичнее и спокойнее.;Стоимость за 20 гостей (полный день). Стоимость зависит от количества гостей и маршрута, подробнее по ссылке на экскурсию. Трансфер не включен. Беременным запрещено. Детям до 1 года запрещено.;парусный, катамаран, беременным нельзя, нельзя детям до 1 года, аренда;По запросу;Капитан;Фрукты, вода, б/а напитки;Купальники, полотенца, деньги на личные расходы
Суша (обзорные);56;Путь к Аватару (Самет Нангше) (ХИТ);ХИТ;#можно_всем #виды #горы #инстаграм #культура #храмы #цыгане #суша #смотровая #Samet Nangshe #хит;https://goldenkeytours.com/excursions/land-excursions/path-to-avatar;50%;2400;2200;"Поездка к самому космическому виду в Таиланде! Смотровая Самет Нангше — это панорама залива с сотнями островов, напоминающая планету Пандора из фильма ""Аватар"". Фотографии отсюда не требуют фильтров.";"Это экскурсия ""без напряга"" и качки. Вас возят на комфортном авто по красивейшим местам. Никакой морской болезни и мокрых купальников — только топовые виды и культура.";Смотровая площадка Samet Nangshe. Катание на слонах. Купание со слонами. Водопад. Красивые пейзажи. Трансфер включен (возможна доплата в зависимости от района). Подходит беременным и детям.;аватар, самет нангше, смотровая, беременным можно, с младенцем можно, безопасно, не укачивает, смотровая, Samet Nangshe, хит, популярное, лучшее, топ.;Ежедневно;Русский;Обед у морских цыган, морепродукты;Одежда для храма (плечи/колени закрыты), удобная обувь
Суша (обзорные);57;Путь к Аватару + Стеклянный мост;;#можно_беременным #мост #виды #стеклянный_мост #эксклюзив #можно_детям #можно_всем;https://goldenkeytours.com/excursions/land-excursions/path-to-avatar;50%;3000;2800;"Новинка сезона! К фантастическим видам мы добавили щепотку адреналина — прогулку по прозрачному мосту ""Beyond Skywalk"", парящему над пропастью.";"Если хотите всё и сразу: и на слонах покататься, и на ""Тайский Байкал"" посмотреть, и нервы пощекотать на стеклянном полу. Самая насыщенная программа по суше.";Смотровая Samet Nangshe. Стеклянный мост. Катание на слонах. Купание со слонами. Водопад. Красивые пейзажи. Из стоимости экскурсии выделяется депозит (200 THB на взрослого и 100 THB на ребенка) на напитки и питание в кафе. Трансфер включен (возможна доплата в зависимости от района). Подходит беременным и детям.;аватар, самет нангше, смотровая, беременным можно, с младенцем можно, безопасно, не укачивает, Samet Nangshe, стеклянный мост;Ежедневно;Русский;Обед у морских цыган, морепродукты;Одежда для храма (плечи/колени закрыты), удобная обувь
Суша (обзорные);58;Аватар + Джеймс Бонд;;#можно_всем #каноэ #пещеры #кино #природа #спокойно;https://goldenkeytours.com/avatarandjamesbond;50%;2200;2000;Путешествие в кино! Самая спокойная и кинематографичная экскурсия. Каноэ, мистические пещеры и та самая скала 007.;Идеально для тех, кто не хочет много плавать. Вода изумрудная (не прозрачная), виды космические. Можно расслабиться в каноэ, пока гребец везет вас по пещерам.;Инстаграм тур. Ранний выезд. Трансфер включен (возможна доплата в зависимости от района). Беременным запрещено. Детям до 1 года запрещено. Хит продаж.;аватар, бонд, джеймс бонд, можно всем, залив;Ежедневно;Русский;Легкий перекус, напитки;Мелочь на чай гребцам, удобная одежда, деньги на личные расходы
Суша (обзорные);59;Стеклянный мост + Аватар + Джеймс Бонд;;#стеклянный_мост #бонд #море_и_суша #можно_всем;https://goldenkeytours.com/glassbridgeandavatarandjamesbond;50%;2800;2600;Уникальный микс суши и моря! Стеклянный мост над бездной и путешествие на лодке к легендарному острову Джеймса Бонда.;Идеальный вариант, если у вас мало дней отпуска. Вы увидите и горы, и море за один день. Но учтите — программа очень плотная и активная.;Трансфер включен (возможна доплата в зависимости от района). Беременным запрещено. Детям до 1 года запрещено. Насыщенная программа. Инстаграм тур.;стеклянный мост, аватар, бонд, можно всем, суша, скайвок, инстаграм;Ежедневно;Русский;Обед;Одежда для храма (плечи/колени закрыты), удобная обувь, купальник
Суша (обзорные);60;Аватар + SPA;;#спа #релакс #источники #женский_отдых #можно_беременным #можно_младенцам #можно_всем;https://goldenkeytours.com/excursions/land-excursions/avatar-spa;50%;3000;2800;День полного релакса. После потрясающих видов на бухту Пханг Нга вы погрузитесь в горячие минеральные источники.;Лучший выбор для девушек и пар. Утром — эстетика природы, днем — польза для тела в горячих ваннах. Вы вернетесь обновленными.;Горячие источники. Программа со слонами. SPA. Трансфер включен (возможна доплата в зависимости от района). Открытые джипы. Беременным запрещено (трясет). Детям до 1 года запрещено.;аватар, спа, источники, беременным можно (осторожно горячее), релакс, безопасно, слоны, spa, можно всем;Ежедневно;Русский;Обед;Купальник, полотенце
Суша (обзорные);61;Аватар Экспресс (На Джипах);;#можно_всем #джипы #драйв #молодежь;https://goldenkeytours.com/avatar-express-on-jeeps;50%;2300;2100;Драйв и ветер в волосах! Мы мчимся к лучшим смотровым площадкам на ярких открытых джипах.;Это весело и молодежно. В открытой машине совсем другие ощущения от дороги, чем в автобусе. Музыка, ветер и свобода.;Музей. Водопад. Смотровая площадка Самет Нангше. Трансфер включен (возможна доплата в зависимости от района). Беременным запрещено (трясет). Детям до 1 года запрещено. Открытые джипы.;аватар, джипы, экспресс, можно всем, открытая машина, ветер, инстаграм;Ежедневно;Русский;Обед;Головной убор, очки, Крем SPF 50+
Суша (обзорные);62;Cветящийся планктон + самет нангше + спа и виды Джеймса Бонда;ХИТ;#можно_беременным #можно_младенцам #можно_всем #суша #смотровая #Samet Nangshe #хит #горячий_источник #светящийся_планктон #популярно;https://goldenkeytours.com/excursions/land-excursions/glowingplankton;50%;2900;2700;Экскурсия, где природа и магия соединяются: горячие источники у моря, смотровая над мангровыми лесами, лодочная прогулка в стиле «Аватар» и финал — каякинг среди светящегося планктона.;Главное преимущество — тур проходит по суше и в спокойной бухте без волн, идеально для всей семьи в любой сезон.;Горяие источники. Смотровая площадка Самет Нангше. Прогулка на тайской лодке. Встреча заката и светящийся планктон. Трансфер включен (возможна доплата в зависимости от района). Беременным и детям можно.;самет нангше, беременным можно, с младенцем можно, безопасно, не укачивает, смотровая, Samet Nangshe, хит, популярное, горячий источник, светящийся планктон.;Ежедневно;Русский;Обед, фрукты;Купальные принадлежности, удобную обувь, деньги на личные расходы
Суша (обзорные);63;Cветящийся планктон + самет нангше + спа и виды Джеймса Бонда (+стеклянный мост);;#можно_беременным #можно_младенцам #можно_всем #суша #смотровая #Samet Nangshe #горячий_источник #светящийся_планктон #стеклянный_мост;https://goldenkeytours.com/excursions/land-excursions/glowingplankton;50%;3400;3200;Экскурсия, где природа и магия соединяются: горячие источники у моря, смотровая над мангровыми лесами, знаменитый стеклянный мост, лодочная прогулка в стиле «Аватар» и финал — каякинг среди светящегося планктона.;Главное преимущество — тур проходит по суше и в спокойной бухте без волн, идеально для всей семьи в любой сезон.;Горяие источники. Смотровая площадка Самет Нангше. Прогулка на тайской лодке. Встреча заката и светящийся планктон. Стеклянный мост. Трансфер включен (возможна доплата в зависимости от района). Беременным и детям можно.;самет нангше, беременным можно, с младенцем можно, безопасно, не укачивает, смотровая, стеклянный мост, Samet Nangshe, хит, популярное, горячий источник, светящийся планктон.;Ежедневно;Русский;Обед, фрукты;Купальные принадлежности, удобную обувь, деньги на личные расходы
Суша (обзорные);64;Краби PRO;;#нельзя_беременным #краби #индивидуально #комфорт #дети_от_1_года;https://goldenkeytours.com/krabi-pro;50%;2300;2300;Приватное путешествие в провинцию Краби на комфортабельном авто. Вы сами хозяева своего времени и маршрута.;Никакой толпы и ожидания автобуса. Мы едем к Изумрудному озеру и Храму Тигра в вашем ритме. Идеально для семей с детьми.;Национальные парки. Трансфер включен (возможна доплата в зависимости от района). Подходит беременным (на машине). Цена за машину (до 4 чел).;краби, индивидуально, беременным нельзя, нельзя детям до 1 года;Ежедневно;Русский;Нет (по меню);Одежда для храма (плечи/колени закрыты), деньги на питание
Суша (обзорные);65;Озеро Чео Лан, 1 день;ХИТ;#можно_всем #озеро #чео_лан #природа #виды;https://goldenkeytours.com/excursions/land-excursions/lake-cheolan-and-samet-nangshe;50%;2600;2400;Тайский Байкал за один день. Изумрудная вода, скалы Гуйлинь и прогулка на лодке посреди древних джунглей.;Место невероятной красоты, но дорога долгая (около 3 часов в одну сторону). Если готовы потерпеть путь ради видов — это того стоит.;Смотровая площадка. Храм Рамы Х (Банг Тонг). Трансфер включен (возможна доплата в зависимости от района). Беременным запрещено (лодка). Детям до 1 года запрещено. Видовая площадка Нангше включена.;чео лан, озеро, можно всем, лодка длиннохвостая;Ежедневно;Русский;Обед;Удобная обувь, купальник
Суша (обзорные);66;Као Сок + Чео Лан, 2 дня (Стандарт);;#можно_всем #ночевка #джунгли #эко_туризм;https://goldenkeytours.com/excursions/land-excursions/khao-sok-and-cheo-lan;50%;4900;4400;Полное погружение в дикую природу. Ночь в плавучем домике (рафте) на озере под звуки ночных джунглей.;Это приключение-перезагрузка. Бунгало простые (бамбуковые), но атмосфера уединения перекрывает отсутствие роскоши.;Стоимость зависит от размещения - бунгало/капсула. Трансфер включен (возможна доплата в зависимости от района). Беременным запрещено. Детям до 1 года запрещено. Катание на бамбуковых плотах или слонах (уточнять).;као сок, чео лан, озеро, можно всем, лодка, 2 дня.;Ежедневно;Русский;Полный пансион;Личные вещи и принадлежности на 2 дня, купальник
Суша (обзорные);67;Као Сок + Чео Лан, 2 дня (Маршрут 2);;#можно_всем #озеро #2_дня;https://goldenkeytours.com/excursions/land-excursions/cheo-lan-standart;50%;5500;5000;Альтернативный маршрут с ночевкой в рафтах. Утренний мистический туман над озером и сафари на лодке.;(Нет обзора);Горячие источники. Храм Рамы Х (Банг Тонг). Плавучие бунгало (вентилятор и туалет в номере, без кондиционера). Трансфер включен (возможна доплата в зависимости от района). Беременным запрещено. Детям до 1 года запрещено.;чео лан, 2 дня, можно всем, лодка;Ежедневно;Русский;Полный пансион;Личные вещи и принадлежности на 2 дня, купальник
Суша (обзорные);68;Као Сок + Чео Лан, 2 дня (Делюкс);;#можно_всем #комфорт #делюкс #отель_на_воде;https://goldenkeytours.com/excursions/land-excursions/khao-sok-and-cheo-lan-deluxe;50%;6500;6000;Дикая природа с комфортом. Вы живете посреди джунглей, но в номере есть кондиционер и все удобства.;Для тех, кто хочет увидеть настоящие джунгли, но не готов спать в палатке или с вентилятором. Самый комфортный вариант ночевки на озере.;Посещение пещер, храмов. Стоимость зависит от размещения - бунгало Делюкс/бунгало Новый. Все номера c кондиционером и уборной в номере. Трансфер включен (возможна доплата в зависимости от района). Беременным запрещено. Детям до 1 года запрещено. Отель с кондиционером и душем в номере.;чео лан, делюкс, можно всем, лодка;Ежедневно;Русский;Полный пансион;Личные вещи и принадлежности на 2 дня, купальник
Суша (обзорные);69;Као Лак Сафари;ХИТ;#можно_всем #сафари #семья #животные #плоты;https://goldenkeytours.com/excursions/land-excursions/khaolak-safari;50%;1700;1500;Добрый эко-тур для всей семьи. Сплав на бамбуковых плотах по тихой реке, купание слонов и посещение черепаховой фермы.;Очень расслабленная и душевная экскурсия. Нет тяжелой дороги или экстрима. Идеально, чтобы показать детям настоящую тайскую природу.;Пещера обезьян. Мини зоопарк. Программы со слонами. Мини ферма черепах. Водопад. Обзорная площадка. Трансфер включен (возможна доплата в зависимости от района). Беременным запрещено (плоты). Детям до 1 года запрещено. Купание слонов, черепаховая ферма.;као лак, сафари, можно всем, плоты, вода;Ежедневно;Русский;Обед;Купальник, полотенце
Суша (обзорные);70;Краби Лэнд;;#Изумрудное_озеро #Горячий_водопад #Храм_Пещера_тигра #много_переходов #горячий_источник #слоник #можно_всем;https://goldenkeytours.com/excursions/land-excursions/crabieland;50%;2500;2300;Увлекательное путешествие в одну из самых красивых провинций южного Таиланда. Озеро, джунгли, водопад, храм, горячий источник, пещера и милый слоник - это будет интересно для всей семьи.;Это долгая поездка на материк, но программа очень насыщенная. Если вы хотите за один день увидеть и храмы Краби, и развлечь детей — это вариант.;Изумрудное озеро. Горячий водопад. Храм Пещера тигра. Пещера Краби. Подходит беременным и детям. Трансфер включен (возможна доплата в зависимости от района).;краби ленд, беременным можно, детям можно, изумрудное озеро, горячий водопад, храм пещера тигра, много переходов, слоник;Ежедневно;Русский;Обед;Одежда для храма (плечи/колени закрыты), деньги на пожертвование в храме и кормление слоника
Суша (обзорные);71;Обзорная экскурсия по Пхукету;ХИТ;#можно_беременным #обзорная #храмы #история #первый_раз #можно_всем;https://goldenkeytours.com/excursions/land-excursions/city-tour;50%;1100;1100;Знакомство с островом за один день. Самые красивые храмы, лучшие смотровые площадки и величественный Биг Будда.;Обязательна для тех, кто на Пхукете впервые. Вы поймете, как устроен остров, сделаете фото на главных точках и увидите святыни.;Посещение храма, Трансфер включен (возможна доплата в зависимости от района). Подходит беременным и детям. Посещение храмов, магазинов, фабрик.;обзорная, сити тур, беременным можно, с коляской можно, безопасно, автобус, можно всем;Ежедневно;Русский;Нет;Одежда для храма (плечи/колени закрыты), деньги на пожертвование в храме и кормление слоника
Суша (активные);72;Хануман (Зиплайн);;#нельзя_беременным #зиплайн #экстрим #джунгли #дети_от_4_лет;https://goldenkeytours.com/excursions/active-excursions/world-of-hanuman;100%;1500;1500;Полет сквозь джунгли! Вы будете скользить по тросам между огромными вековыми деревьями, не касаясь земли.;Лучший зиплайн-парк на острове. Это не страшно, а захватывающе. Оборудование профессиональное, безопасность на высоте. Даже если боитесь высоты — вам понравится.;Стоимость зависит от выбора программы, подробнее по ссылке на экскурсию. Трансфер включен с пляжей Ката, Карон, Патонг, Камала, Сурин, Бангтао, НайХарн. Беременным запрещено. Вес до 120 кг. Полет на тросах.;хануман, зиплайн, беременным нельзя, полет, нагрузка, Детям до 4 лет запрещено;Ежедневно;Англ.;Фрукты, вода;Удобная обувь (кроссовки)
Суша (активные);73;Зиплайн + Квадро + Пейнтбол;;#нельзя_беременным #комбо #экстрим #пейнтбол #квадроциклы #дети_от_4_лет;https://goldenkeytours.com/ziplineandatvandpaintball;100%;1200;1200;"Настоящий ""Мужской день""! Три вида активности: полеты над джунглями, гонки по грязи на квадроциклах и командная стрельба.";Максимальная концентрация адреналина за один день. Готовьтесь испачкаться и устать, но эмоций хватит на год вперед. Отличный вариант для компании друзей.;Стоимость зависит от выбора программы, подробнее по ссылке на экскурсию. Трансфер с пляжей Патонг, Карон, Ката, Раваи, Чалонг включен, с остальных районов платно (информация по ссылке на экскурсию). Вес на зиплайне до 120 кг. Беременным запрещено. Детям до 4 лет запрещено.;пейнтбол, квадроциклы, зиплайн, беременным нельзя, опасно, тарзанка, Детям до 4 лет запрещено;Ежедневно;Инструктор;Нет;Сменная одежда, удобная обувь
Суша (активные);74;Зиплайн + Квадроциклы (Патонг);;#нельзя_беременным #комбо #драйв #квадроциклы #зиплайн #дети_от_4_лет;https://goldenkeytours.com/ziplineandatv;100%;1800;1800;Популярное комбо: почувствуйте себя Тарзаном на тросах, а потом оторвитесь на бездорожье на мощных квадроциклах.;Удобно, что парк находится недалеко от Патонга — не нужно долго ехать. Трасса для квадроциклов интересная, есть где разогнаться.;Стоимость зависит от выбора программы, подробнее по ссылке на экскурсию. Трансфер включен (возможна доплата в зависимости от района). Вес на зиплайне до 120 кг. Беременным запрещено.;зиплайн, квадрики, беременным нельзя, опасно, квадроциклы, Детям до 4 лет запрещено;Ежедневно;Инструктор;Нет;Сменная одежда, удобная обувь
Суша (активные);75;Квадроциклы + Слоны;;#нельзя_беременным #квадроциклы #слоны #контраст #дети_от_2_лет;https://goldenkeytours.com/excursions/land-excursions/elephants-quad-bikes;100%;1000;1000;Грязь и нежность! Сначала драйв на квадроциклах по джунглям, а потом — милое общение и купание с добрыми слонами.;Игра на контрастах. Сначала вы получаете адреналин от гонки, а потом успокаиваетесь, общаясь с животными. Очень популярная программа у молодых пар.;Стоимость зависит от выбора программы - квадроцикл/багги/слоны, подробнее информация по ссылке на экскурсию. Трансфер включен (возможна доплата в зависимости от района). Беременным запрещено. Детям до 2 лет запрещено. Активная программа.;слоны, квадроциклы, atv, беременным нельзя (трясет), грязь, багги, Детям до 2 лет запрещено;Ежедневно;Инструктор;Нет;Сменная одежда, удобная обувь
Суша (активные);76;Квадроциклы Патонг;;#нельзя_беременным #драйв #скорость #квадроциклы #от_2_лет;https://goldenkeytours.com/quadbiking-in-patong;100%;1200;1200;Часовая гонка по джунглям на специальной трассе с горками, ямами и препятствиями.;Это не просто катание по ровной дорожке. Здесь реальная трасса по бездорожью, где можно проверить себя и технику.;Стоимость зависит от мощности квадроциклов и времени программы, подробнее информация по ссылке на экскурсию. С пляжей Патонг, Карон, Ката, Калим, Накалай, Камала, Сурин трансфер осуществляется бесплатно, из других зон 300 бат с человека. Беременным запрещено. Детям до 2 лет запрещено. Детям 3-16 лет только в качестве пассажира.;квадроциклы, патонг, atv, беременным нельзя, опасно, трясет, Детям до 2 лет запрещено;Ежедневно;Инструктор;Нет;Сменная одежда, удобная обувь
Суша (активные);77;Рафтинг + Слоны + Квадро;ХИТ;#нельзя_беременным #рафтинг #активно #вода #дети_от_7_лет;https://goldenkeytours.com/excursions/land-excursions/rafting-and-elephant-riding;100%;1500;1300;Сплав по горной реке на надувных лодках! Брызги, смех и командная работа. Плюс катание на слонах и квадроциклы.;Целый день активностей. Рафтинг здесь веселый и безопасный (река не страшная), но эмоций будет море. Отличный тимбилдинг для семьи или друзей.;Посещение храма. Рафтинг. Шоу слонов. Квадроциклы. Тарзанка. Стоимость зависит от выбора программы, подробнее по ссылке на экскурсию. Трансфер включен (возможна доплата в зависимости от района). Беременным запрещено. Детям до 4 лет запрещено.;рафтинг, сплав, беременным нельзя, река, трясет, Детям до 7 лет запрещено, тарзанка, зиплайн, квадроциклы, слоны;Ежедневно;Русский;Обед;Сменная одежда, полотенце
Суша (активные);78;Полет на самолете (Cessna) (ХИТ);ХИТ;#нельзя_беременным #полет #самолет #романтика #эксклюзив #хит #дети_от_3_лет;https://goldenkeytours.com/excursions/air/flying-an-airplane;100%;4000;4000;Приватный полет над островом. Вы увидите Биг Будду, храмы и бирюзовые бухты с высоты птичьего полета.;Лучший способ увидеть весь остров целиком. Маленький самолет дает отличный обзор. Если хотите сделать предложение или сюрприз — это оно.;Стоимость зависит от маршрута, времени полета и типа самолета, подробнее по ссылке на экскурсию. Беременным запрещено. Инструктаж на английском. Детям до 1 года запрещено. Трансфер не включен.;самолет, цессна, полет, беременным нельзя, перегрузки, страх, нельзя детям до 3 лет, хит, популярное, лучшее, топ.;Ежедневно;Пилот (Англ);Нет;Камера, паспорт
Суша (активные);79;Полет на вертолете;;#нельзя_беременным #вертолет #vip #подарок #дети_от_1_года;https://goldenkeytours.com/excursions/air/helicopter-flight;100%;11900;11900;VIP-обзорная экскурсия. Роскошный панорамный полет — идеальный подарок для особого случая.;Это дорого, но очень статусно. Вертолет может зависнуть над красивым местом для идеального кадра, в отличие от самолета.;Стоимость зависит от маршрута и времени полета, подробнее по ссылке на экскурсию. Беременным запрещено. VIP-тур. Трансфер не включен.;вертолет, полет, беременным нельзя (перегрузки), страх, нельзя детям до 1 года;Ежедневно;Пилот (Англ);Нет;Камера, паспорт
Суша (активные);80;Параглайдинг;;#нельзя_беременным #параплан #небо #тишина #от_18_лет;https://goldenkeytours.com/excursions/air/paragliding;100%;4900;4900;Тихий полет в тандеме с инструктором. Старт с горы, мягкое парение в потоках ветра и посадка на пляж.;Ощущение полета во сне. Очень тихо, только ветер. Никакого мотора. Не страшно, так как инструктор делает всю работу за вас.;Беременным запрещено. Полет с горы. Трансфер не включен.;параглайдинг, параплан, беременным нельзя, опасно, от 18 лет;Ежедневно;Инструктор;Нет;Удобная обувь и одежда, камера
Суша (активные);81;Полет на Парамоторе;;#нельзя_беременным #парамотор #экстрим #от_18_лет;https://goldenkeytours.com/excursions/air/paramotor;100%;5900;5900;"Полет ""Карлсона"" с мотором. Можно лететь низко над водой и рассмотреть каждую волну.";Шумно (мотор за спиной), но зато можно лететь очень низко и медленно, махая рукой друзьям на пляже.;Полет с мотором. Беременным запрещено.;парамотор, паратрайк, беременным нельзя, шум, вибрация, от 18 лет;Ежедневно;Инструктор;Нет;Удобная обувь и одежда
Суша (семейные);82;Катание и купание со слонами;;#можно_беременным #слоны #дети #купание #эмоции #можно_всем;https://goldenkeytours.com/elphant-trekking-and-bathing;100%;1200;900;Самый эмоциональный тур! Вы не просто посмотрите на слонов, а искупаетесь с ними в воде. Готовьтесь к фонтану брызг и детской радости!;Дети будут визжать от восторга. Это полный контакт с животным без барьеров. Обязательно берите сменную одежду — сухим не уйдет никто.;Стоимость зависит от выбора программы - Катание на слонах по джунглям 30 мин/Купание со слонами 25 мин, подробнее информация по ссылке на экскурсию. Включает трансфер с районов Ката/Карон/Патонг/Раваи/Най Харн/Чалонг. Подходит беременным и детям. Контакт с животными.;слоны, купание, беременным можно, детям можно;Ежедневно;Нет;Нет;Сменная одежда, полотенце
Суша (семейные);83;Слоны (Кормление);;#можно_беременным #слоны #кормление #спокойно #малыши #можно_всем;https://goldenkeytours.com/excursions/land-excursions/elephants;100%;900;900;Добрый и спокойный тур. Покормите гиганта бананами, погладьте шершавый хобот и сделайте милые фото на память.;Самый безопасный и бюджетный вариант знакомства со слонами. Идеально для малышей, которые пока боятся купаться с большими животными.;Стоимость зависит от выбора программы - Накорми меня (1 час, без трансфера)/Кормление и душ (1,5 часа с трансфером, подробнее информация по ссылке на экскурсию. Можно беременным (с осторожностью). Программа 1 час.;слоны, беременным можно (осторожно), детям можно;Ежедневно;Нет;Нет;Камера
Суша (семейные);84;Слоны на пляже (Фотосессия);;#фотосессия #слоны #пляж #инстаграм #можно_всем;https://goldenkeytours.com/excursions/land-excursions/elephants-on-the-beach;100%;900;700;Эксклюзивные кадры для Инстаграм: только вы, море, закат и слоненок на пустынном пляже.;Это не экскурсия, а именно красивая фотосессия. Вы платите за уникальную картинку, которую не получить в джунглях.;Катание на слонах на пляже 15мин. Фотографии со слоном. Трансфер не включен, можно оплатить отдельно, подробная информация по ссылке на экскурсию. Подходит беременным и детям. Только фото.;слоны, пляж, фотосессия, беременным можно, детям можно, безопасно;Ежедневно;Нет;Нет;Красивая одежда, камера
Суша (семейные);85;Аквапарк Andamanda;Хит;#можно_беременным #аквапарк #дети #весело #можно_всем;https://goldenkeytours.com/excursions/active-excursions/andamanda-water-park;100%;1600;1100;"Самый новый и крутой аквапарк Пхукета! 25 горок, искусственная волна высотой 3 метра и самая длинная ""ленивая река"" в Азии.";Это уровень мировых стандартов. Здесь всё новое, чистое и безопасное. Можно смело ехать на весь день — скучно не будет ни детям, ни взрослым.;Самый большой аквапарк на Пхукете. Ленивая река. Ребенок до 90см бесплатно (детский билет до 122 см). Можно беременным.;аквапарк, андаманда, беременным можно, детям можно, безопасно;Ежедневно;Нет;Нет (фудкорт внутри);Купальник, полотенце, деньги на питание и личные расходы
Суша (семейные);86;Дельфинарий;;#можно_беременным #можно_всем #дети #дельфины #шоу #семья;https://goldenkeytours.com/excursions/active-excursions/dolphinarium;100%;1150;650;Заряд чистого позитива! Веселое шоу дельфинов и морских котиков, которые прыгают через кольца, танцуют и рисуют.;Шоу длится около 45 минут — идеально, чтобы дети не устали. Представление очень динамичное и доброе. Можно сфотографироваться с дельфинами после шоу.;Увлекательное шоу с дельфинами и морскими котиками. Стоимость зависит от выбора категории места, подробнее по ссылке на экскурсию. Дети до 4 лет и ростом до 90см бесплатно. Подходит беременным и детям. Шоу дельфинов и котиков.;дельфинарий, немо, беременным можно, детям можно, шоу, дельфины, морские котики;Ежедневно;Нет;Нет;Камера, деньги на личные расходы
Суша (семейные);87;Океанариум Aquaria;;#можно_беременным #рыбки #дети #океанариум #кондиционер #можно_всем;https://goldenkeytours.com/excursions/land-excursions/aquaria;100%;400;250;Подводное царство прямо в центре острова. Пройдите по стеклянным туннелям, пока над вами величественно проплывают акулы и скаты.;Находится в торговом центре Central Phuket. Идеальный план на случай дождя или чтобы охладиться в кондиционере. Чисто, современно и познавательно.;R Trick Eye Museum Phuket - интерактивный музей. Несколько зон с уникальными экосистемами. Динамичная встреча с живыми животными. Дети до 90см бесплатно. Стоимость зависит от выбора программы, подробнее по ссылке на экскурсию. Подходит беременным и детям.;океанариум, аквариум, беременным можно, с коляской, безопасно, можно всем;Ежедневно;Нет;Нет;Камера, деньги на личные расходы
Суша (семейные);88;Крокодиловая ферма;;#шоу #крокодилы #экстрим #опасно #можно_всем;https://goldenkeytours.com/shopping/crocodile-farm;100%;400;200;Щекочем нервы! Экстремальное шоу, где дрессировщики засовывают голову в пасть огромному крокодилу.;Классика тайских развлечений. Шоу длится недолго, но впечатляет. Также можно купить изделия из кожи крокодила (проверяйте качество!).;Самая большая крокодиловая ферма на Пхукете. Шоу с крокодилами. Трансфер не включен. Подходит беременным.;крокодилы, ферма, беременным можно, безопасно, можно всем;Ежедневно;Нет;Нет;Камера
Суша (семейные);89;Парк Птиц;;#птицы #дети #парк #природа #можно_всем;https://goldenkeytours.com/birdpark;100%;500;300;Красочный тропический сад с сотнями экзотических пернатых. Вас ждет яркое шоу попугаев в амфитеатре.;Спокойное и приятное место для прогулки с малышами. Много зелени, птицы красивые, шоу забавное. Отличный вариант на полдня.;Красивый сад и шоу птиц. Черепахи и ёжики. Контактный зоопарк. Трансфер не включен. Подходит беременным и детям.;птицы, парк, беременным можно, безопасно, мини зоопарк, можно всем;Ежедневно;Нет;Нет;Камера
Вечерние Шоу;90;Шоу Сиам Нирамит (ХИТ);ХИТ;#можно_беременным #хит #шоу #вечер #история #можно_всем;https://goldenkeytours.com/excursions/evening-excursions/siam-niramit-show;100%;1800;1800;Грандиозное историческое шоу мирового уровня! Слоны на сцене, спецэффекты, настоящая река и летающие актеры.;"Это ""must see"" на Пхукете. Масштаб декораций поражает. Перед шоу можно погулять по тайской деревне и вкусно поужинать. Приезжайте заранее, чтобы всё успеть.";Уникальное шоу с фантастическими декорациями. Дети до 100 см бесплатно (доплата только за трансфер). Стоимость зависит от выбора категории мест, подробнее по ссылке на экскурсию. Подходит беременным и детям. Трансфер включен.;сиам нирамит, шоу, беременным можно, детям можно, безопасно, кондиционер, хит, популярное, лучшее, топ.;Пн, Ср, Чт, Пт, Сб, Вс;Нет;Ужин (швед. стол);Хорошее настроение
Вечерние Шоу;91;Шоу Саймон Кабаре;;#можно_беременным #кабаре #шоу #костюмы #можно_всем;https://goldenkeytours.com/excursions/evening-excursions/simon-cabaret-show;100%;900;700;Самое известное шоу трансвеститов в Таиланде. Перья, блеск, шикарные костюмы и музыкальные хиты.;Очень красочно и совсем не пошло (можно с детьми). Это яркий карнавал и театрализованное представление, а не стриптиз.;Трансвеститы (не пошло). Стоимость зависит от выбора категории мест, подробнее по ссылке на экскурсию. Дети до 90см бесплатно. Подходит беременным.;саймон, кабаре, беременным можно, безопасно, трансвестит, ледибой, шоу, можно всем;Ежедневно;Нет;Нет;Деньги (фото с артистами платное)
Вечерние Шоу;92;Тайский Бокс (Muay Thai);;#спорт #бокс #вечер #мужское #можно_всем;https://goldenkeytours.com/excursions/evening-excursions/thai-boxing;100%;1500;1500;Реальные бои на стадионе! Кровь, азарт, крики толпы и жесткие удары под традиционную музыку.;Это не постановочное шоу, а реальный спорт. Атмосфера на стадионе накалена до предела. Если любите единоборства — идти обязательно.;Стоимость зависит от выбора категории места Стандарт/Вип, подробнее по ссылке на экскурсию. Подходит беременным (смотреть). Реальные бои на стадионе. Трансфер не включен.;бокс, муай тай, беременным можно (смотреть), стадион, можно всем;Ср, Пт, Вс;Нет;Нет;Деньги на напитки
Вечерние Шоу;93;Ужин в небе;;#нельзя_беременным #экстрим #ужин #высота #необычно #дети_от_12_лет;https://goldenkeytours.com/excursions/active-excursions/dinner-in-the-sky;100%;1900;1900;Гастрономический экстрим! Ресторан-платформа поднимается краном на высоту 50 метров. Ужин с видом на весь остров.;Очень необычный опыт. Это не столько про еду, сколько про эмоции и уникальные селфи. Безопасность на высшем уровне, вы пристегнуты как в гоночном болиде.;Захватывающий обед, ужин или коктейли в небесах на подвесной платформе. Стоимость зависит от программы и времени дня, подробнее по ссылке на экскурсию. Беременным запрещено. Подъем краном на 50м.;ужин в небе, кран, беременным нельзя, высота, страховка, Детям до 12 лет запрещено;Ежедневно;Нет;Ужин/Коктейли;Камера
Вечерние Шоу;94;Шоу для взрослых Wake Up (18+);;#18+ #для_взрослых #шоу #пикантно #от_18_лет;https://goldenkeytours.com/excursions/evening-excursions/xxx-show-wake-up-club;100%;1100;⛔️;"Легендарное ""ХХХ"". Шоу без цензуры, о котором все шепчутся. Самое откровенное на Пхукете.";Это шок-контент. Демонстрация запредельных возможностей человеческого тела, которую вы не увидите больше нигде. Телефоны на входе строго забирают.;Строго 18+. Трансфер не включен. Внутри съемка запрещена!;18+,для взрослых, секс, sex, эротика, ххх, шоу, детям нельзя, беременным можно (но громко), от 18 лет;Ежедневно;Нет;Нет;Паспорт (проверка возраста)
Туры в другие страны;95;Тур в Бангкок;;#бангкок #столица #история #шопинг #можно_всем;https://goldenkeytours.com/excursions/by-plane/bangkok;100%;11000;6000;Свидание со столицей. Древние храмы с золотыми шпилями на фоне современных небоскребов и шопинг.;Насыщенный день в мегаполисе. Вы увидите главные достопримечательности, но будьте готовы к ритму большого города и пробкам.;Дети до 2 лет - 6000 (THB). Можно беременным (со справкой для авиа). Билеты включены.;бангкок, столица, перелет, беременным можно (справка для авиа), тур в другую страну, можно всем;По запросу;Русский;Обед;Загранпаспорт
Туры в другие страны;96;Камбоджа (Ангкор Ват);;#камбоджа #храмы #чудо_света #приключения #можно_всем;https://goldenkeytours.com/excursions/by-plane/bangkok-and-cambodia;100%;33000;6000;Путешествие к Чуду Света. Затерянный в джунглях великий храмовый комплекс Ангкор Ват.;Это поездка на всю жизнь. Храмы потрясают воображение. Но это физически тяжело: жара, много ходить пешком и ранние подъемы.;3 дня. Можно беременным (но жарко).;бангкок, камбоджа, ангкор ват, беременным можно (но жарко), много ходить, тур в другую страну, можно всем;По запросу;Русский;Отель + питание;Загранпаспорт, фото 3х4
Туры в другие страны;97;Куала-Лумпур;;#куала_лумпур #город #башни #шопинг #можно_всем;https://goldenkeytours.com/excursions/by-plane/kuala-lumpur;100%;17000;6000;Мегаполис будущего. Знаменитые башни-близнецы Петронас и священные пещеры Бату.;"Отличный вариант ""виза-ран"" или просто смены обстановки. Город очень зеленый и современный. Пещеры Бату с огромной статуей — очень впечатляют.";2 дня. Можно беременным. Перелет в другую страну.;куала лумпур, виза ран, беременным можно, перелет, тур в другую страну, можно всем;По запросу;Русский;Отель + завтрак;Загранпаспорт
Туры в другие страны;98;Сингапур;;#сингапур #виза #город_будущего #лакшери #можно_всем;https://goldenkeytours.com/excursions/by-plane/singapore;100%;24000;6000;Город-сад из будущего. Отель-корабль Марина Бэй, футуристические деревья и идеальная чистота.;Самый дорогой, но и самый впечатляющий город Азии. Здесь всё идеально. Нужно много ходить, но оно того стоит. Нужна виза!;2 дня. Стоимость зависит категории Стандарт/Делюкс, подробнее по ссылке на экскурсию. Для делюкс выше уровень отеля и включена вечерняя развлекательная программа. Можно беременным. Виза нужна заранее!;сингапур, singapore, беременным можно, комфортно, чисто, тур в другую страну, можно всем;По запросу;Русский;Отель + завтрак;Загранпаспорт, Виза
Туры в другие страны;99;Гонконг;;#гонконг #диснейленд #мегаполис #можно_всем;https://goldenkeytours.com/excursions/by-plane/hong-kong;100%;по запросу;по запросу;Азиатский Нью-Йорк. Диснейленд, пик Виктория и бесконечные небоскребы.;Город с бешеной энергетикой. Сюда едут ради Диснейленда (лучший подарок детям) и невероятных видов на бухту Виктория.;2 дня. Можно беременным. Без визы для РФ.;гонконг, hong kong, беременным можно, перелет, тур в другую страну, можно всем;По запросу;Русский;Отель + завтрак;Загранпаспорт
